"","text","favorited","favoriteCount","replyToSN","created","truncated","replyToSID","id","replyToUID","statusSource","screenName","retweetCount","isRetweet","retweeted","longitude","latitude"
"1","Compostable and edible packaging: the companies waging war on plastic https://t.co/2bJsr7eHnl",FALSE,0,NA,2017-05-27 08:52:18,FALSE,NA,"868389387989635072",NA,"<a href=""http://twitter.com/download/android"" rel=""nofollow"">Twitter for Android</a>","JoongWu",0,FALSE,FALSE,NA,NA
"2","$1 OFF On TWO (2) NESTLÉ COFFEE-MATE Coffee Creamers, 32 oz. or larger (excluding natural bliss) https://t.co/s3B2Pe5dkj",FALSE,0,NA,2017-05-27 08:48:33,FALSE,NA,"868388442136342529",NA,"<a href=""http://www.linkedin.com/"" rel=""nofollow"">LinkedIn</a>","Dolansm",0,FALSE,FALSE,NA,NA
"3","RT @Forbes: World's largest food and beverage companies:
1. Nestle
2. Pepsi
3. Coca-Cola 
https://t.co/ZcWCsnROu4 #Global2000 https://t.co/…",FALSE,0,NA,2017-05-27 08:48:08,FALSE,NA,"868388338549628929",NA,"<a href=""http://twitter.com/download/android"" rel=""nofollow"">Twitter for Android</a>","nneusj",125,TRUE,FALSE,NA,NA
"4","RT @Forbes: World's largest food and beverage companies:
1. Nestle
2. Pepsi
3. Coca-Cola 
https://t.co/ZcWCsnROu4 #Global2000 https://t.co/…",FALSE,0,NA,2017-05-27 08:47:16,FALSE,NA,"868388122362617857",NA,"<a href=""http://twitter.com/download/iphone"" rel=""nofollow"">Twitter for iPhone</a>","brutefoodie",125,TRUE,FALSE,NA,NA
"5","""They look lovely. I wish to nestle between them."" 

- Dende",FALSE,0,NA,2017-05-27 08:47:02,FALSE,NA,"868388063130419200",NA,"<a href=""http://twittbot.net/"" rel=""nofollow"">twittbot.net</a>","DBZAbridged_",0,FALSE,FALSE,NA,NA
"6","@tethysia Aren't Milkybars Nestle?",FALSE,0,"tethysia",2017-05-27 08:44:06,FALSE,"868383539481464832","868387322689200128","106500381","<a href=""http://twitter.com/download/iphone"" rel=""nofollow"">Twitter for iPhone</a>","accordingtoJonD",0,FALSE,FALSE,NA,NA
"7","Where #Nestlé guzzles water, local residents doubt claims of negligible impact #-send #water bill to @onetoughnerd  https://t.co/3AzBQLOnpq",FALSE,0,NA,2017-05-27 08:43:50,FALSE,NA,"868387257006346240",NA,"<a href=""http://twitter.com/download/iphone"" rel=""nofollow"">Twitter for iPhone</a>","AnitaNelson",0,FALSE,FALSE,NA,NA
"8","Kellogg and Nestlé announce snack reformulation - Kellogg has cut the amount of sugar in three of its cereal ba... https://t.co/a3i40dQrib",FALSE,0,NA,2017-05-27 08:33:04,FALSE,NA,"868384546181574656",NA,"<a href=""http://www.hootsuite.com"" rel=""nofollow"">Hootsuite</a>","DSi77",0,FALSE,FALSE,NA,NA
"9","Candy &amp; Chocolate Gifts 
https://t.co/0VR3WHFp13 

#Candy
#Nestle
#Godiva
#GiftIdeas
#Chocolates
#Ghirardelli https://t.co/Dd0St6lZx4",FALSE,1,NA,2017-05-27 08:29:12,FALSE,NA,"868383573912555520",NA,"<a href=""https://www.socialjukebox.com"" rel=""nofollow"">The Social Jukebox</a>","sportparadise",0,FALSE,FALSE,NA,NA
"10","Nestle at #TNAP2017! #HostingGig #rocketeer @ World Trade Center Metro Manila https://t.co/aHYB9Glkcl",FALSE,0,NA,2017-05-27 08:26:58,FALSE,NA,"868383010827251712",NA,"<a href=""http://instagram.com"" rel=""nofollow"">Instagram</a>","mykabasco",0,FALSE,FALSE,"120.987636","14.550666"
"11","Just posted a photo https://t.co/eN9W8bBut1",FALSE,0,NA,2017-05-27 08:24:38,FALSE,NA,"868382424497082368",NA,"<a href=""http://instagram.com"" rel=""nofollow"">Instagram</a>","nestle_smile",0,FALSE,FALSE,NA,NA
"12","Just posted a photo https://t.co/hRNKpXZnMb",FALSE,0,NA,2017-05-27 08:23:07,FALSE,NA,"868382044170137600",NA,"<a href=""http://instagram.com"" rel=""nofollow"">Instagram</a>","nestle_smile",0,FALSE,FALSE,NA,NA
"13","RT @StockmanNigeria: #Company News: #Nestle Nigeria plans new investments to boost growth",FALSE,0,NA,2017-05-27 08:20:42,FALSE,NA,"868381433835999232",NA,"<a href=""http://twitter.com/download/android"" rel=""nofollow"">Twitter for Android</a>","StockmanNigeria",1,TRUE,FALSE,NA,NA
"14","RT @Nestle: James works for @Purina’s recycling team, helping to fight the war on waste: https://t.co/ZDqDMYD0er #GoodLife https://t.co/cKo…",FALSE,0,NA,2017-05-27 08:12:17,FALSE,NA,"868379314860982273",NA,"<a href=""http://twitter.com/download/android"" rel=""nofollow"">Twitter for Android</a>","Yemsking",2,TRUE,FALSE,NA,NA
"15","Join the Nestle Waters NA team! See our latest #job opening here: https://t.co/Nz3oALlKXj #SupplyChain NJ #Hiring #CareerArc",FALSE,0,NA,2017-05-27 08:10:41,FALSE,NA,"868378914048978944",NA,"<a href=""http://www.tweetmyjobs.com"" rel=""nofollow"">TweetMyJOBS</a>","NWNAjobs",0,FALSE,FALSE,NA,NA
"16","RT @BrianBienkowski: Kinda love seeing a @nytimes byline from little ol' Evart #Michigan. Don't mess w/#Michiganders #water. https://t.co/V…",FALSE,0,NA,2017-05-27 08:10:19,FALSE,NA,"868378820390383616",NA,"<a href=""http://twitter.com"" rel=""nofollow"">Twitter Web Client</a>","coSsA5Wkq2MYi2P",4,TRUE,FALSE,NA,NA
"17","Want to work in #Livermore, CA? View our latest opening: https://t.co/m2XR7SYphV #SupplyChain #Job #Jobs #Hiring #CareerArc",FALSE,0,NA,2017-05-27 08:07:05,FALSE,NA,"868378008012206081",NA,"<a href=""http://www.tweetmyjobs.com"" rel=""nofollow"">TweetMyJOBS</a>","NWNAjobs",0,FALSE,FALSE,NA,NA
"18","@theIainMartin It's the Cadbury/Nestle thing for me. Lack of attention to detail actually made me angry.",FALSE,1,"theIainMartin",2017-05-27 08:06:39,FALSE,"868377440237826048","868377899975532545","21582323","<a href=""http://twitter.com/download/iphone"" rel=""nofollow"">Twitter for iPhone</a>","Pyewackett333",0,FALSE,FALSE,NA,NA
"19","@Pyewackett333 Mainly because Milky Bars are made by nestle <ed><U+00A0><U+00BD><ed><U+00B8><U+0089>",FALSE,0,"Pyewackett333",2017-05-27 08:04:18,FALSE,"868377022598438912","868377307416756224","377421547","<a href=""http://tapbots.com/tweetbot"" rel=""nofollow"">Tweetbot for i<U+039F>S</a>","APluckyHeroine",0,FALSE,FALSE,NA,NA
"20","RT @amakabela: 3. @Nestle  I wonder why in this age when we are breaking all barriers and stereotypes you have such advert running in Niger…",FALSE,0,NA,2017-05-27 08:03:14,FALSE,NA,"868377039262404608",NA,"<a href=""http://twitter.com/download/android"" rel=""nofollow"">Twitter for Android</a>","chiunas",1,TRUE,FALSE,NA,NA
"21","RT @amakabela: 2. @Nestle Does it mean men can't use maggi?  Does it mean it only makes Women stars.",FALSE,0,NA,2017-05-27 08:03:04,FALSE,NA,"868376996144918528",NA,"<a href=""http://twitter.com/download/android"" rel=""nofollow"">Twitter for Android</a>","chiunas",1,TRUE,FALSE,NA,NA
"22","RT @amakabela: 1. @Nestle your advert on maggi Nigeria is disturbing. It assigns gender roles-more like a stereotype-that women belong to t…",FALSE,0,NA,2017-05-27 08:02:56,FALSE,NA,"868376964574449664",NA,"<a href=""http://twitter.com/download/android"" rel=""nofollow"">Twitter for Android</a>","chiunas",1,TRUE,FALSE,NA,NA
"23","RT @ProfByron: KitKat: Cadbury wins battle against Nestle over shape of four fingered bar. https://t.co/se8juG2uha",FALSE,0,NA,2017-05-27 08:00:46,FALSE,NA,"868376420548063232",NA,"<a href=""http://twitter.com/download/android"" rel=""nofollow"">Twitter for Android</a>","ditakreschel",4,TRUE,FALSE,NA,NA
"24","Turn up the heat. Enter now and you can win a game console or 3D printer and 1 of 100s of smokin hot instant prizes https://t.co/oyaPZmT53D",FALSE,0,NA,2017-05-27 08:00:13,FALSE,NA,"868376281267789825",NA,"<a href=""http://twitter.com"" rel=""nofollow"">Twitter Web Client</a>","pinkgem22",0,FALSE,FALSE,NA,NA
"25","<ed><U+00A0><U+00BE><ed><U+00B4><U+00BC><U+200D><U+2642><U+FE0F> Men Wrestling  <U+21BA>RT<U+2764><U+FE0F><U+FE0F> https://t.co/9gICgDiIz6 #nestle #martial #womankind #occupation #doubledagger #wretsl",FALSE,0,NA,2017-05-27 08:00:11,FALSE,NA,"868376269754433536",NA,"<a href=""http://knowyoursmiley.com"" rel=""nofollow"">KnowYourSmiley</a>","KnowYourSmiley",0,FALSE,FALSE,NA,NA
"26","RT @Nestle: Encouraging good nutrition - helping 50 million children lead healthier lives. #GoodLife https://t.co/rAfeG3VN8i",FALSE,0,NA,2017-05-27 07:58:03,FALSE,NA,"868375732841570304",NA,"<a href=""http://twitter.com/download/iphone"" rel=""nofollow"">Twitter for iPhone</a>","OmelaBudhram",3,TRUE,FALSE,NA,NA
"27","RT @Nestle: James works for @Purina’s recycling team, helping to fight the war on waste: https://t.co/ZDqDMYD0er #GoodLife https://t.co/cKo…",FALSE,0,NA,2017-05-27 07:53:18,FALSE,NA,"868374537515040768",NA,"<a href=""http://twitter.com"" rel=""nofollow"">Twitter Web Client</a>","TheMichiWay3",2,TRUE,FALSE,NA,NA
"28","Find out how we're encouraging entrepreneurship and providing good coffee across Africa: https://t.co/hCNLIzwmuW… https://t.co/msAR8eJpnO",FALSE,0,NA,2017-05-27 07:50:06,TRUE,NA,"868373732687060996",NA,"<a href=""http://www.radian6.com"" rel=""nofollow"">Radian6 -Social Media Management</a>","nestleaunews",0,FALSE,FALSE,NA,NA
"29","@itsjillgardner I suspect many Chinese mothers believe it's a modern, Western approach &amp; with the publicity generat… https://t.co/eqEPXTpfhp",FALSE,1,"itsjillgardner",2017-05-27 07:49:35,TRUE,"868364650894774274","868373605188587520","20058088","<a href=""http://twitter.com"" rel=""nofollow"">Twitter Web Client</a>","fatisourfriend",0,FALSE,FALSE,NA,NA
"30","@STVNews Nestle, taking everything you love and fucking with it, next they'll be draining all our water and selling it back to us.",FALSE,0,"STVNews",2017-05-27 07:47:40,FALSE,"868109412078157824","868373121727856640","20132853","<a href=""http://twitter.com"" rel=""nofollow"">Twitter Web Client</a>","MaximumBobby",0,FALSE,FALSE,NA,NA
"31","Nestle announce changes to recipe of Milkybars after 81 years to add more milk and less sugar - The Sun https://t.co/XvlYUDBK01",FALSE,0,NA,2017-05-27 07:46:22,FALSE,NA,"868372795591237633",NA,"<a href=""http://twitter.com/download/iphone"" rel=""nofollow"">Twitter for iPhone</a>","Shadia_djakovic",0,FALSE,FALSE,NA,NA
"32","RT @mariecruize: How many chocolate bars are sold each year in Nestle?: 0 answers - can you help? http://t.co/zjTS0Bpuoc",FALSE,0,NA,2017-05-27 07:45:29,FALSE,NA,"868372572630634498",NA,"<a href=""http://twitter.com"" rel=""nofollow"">Twitter Web Client</a>","Jocelyn06137871",1,TRUE,FALSE,NA,NA
"33","3. @Nestle  I wonder why in this age when we are breaking all barriers and stereotypes you have such advert running in Nigeria.",FALSE,1,NA,2017-05-27 07:45:24,FALSE,NA,"868372550648299520",NA,"<a href=""http://twitter.com/download/android"" rel=""nofollow"">Twitter for Android</a>","amakabela",1,FALSE,FALSE,NA,NA
"34","2. @Nestle Does it mean men can't use maggi?  Does it mean it only makes Women stars.",FALSE,1,NA,2017-05-27 07:44:41,FALSE,NA,"868372371199098880",NA,"<a href=""http://twitter.com/download/android"" rel=""nofollow"">Twitter for Android</a>","amakabela",1,FALSE,FALSE,NA,NA
"35","RT @NestleCWAR: Today we announced Maggi’s commitments towards 2020 in CWAR. Find out more here: https://t.co/Am1n4PeaBS #SimplyGood https:…",FALSE,0,NA,2017-05-27 07:43:19,FALSE,NA,"868372027610189824",NA,"<a href=""http://twitter.com/download/iphone"" rel=""nofollow"">Twitter for iPhone</a>","igbeve",11,TRUE,FALSE,NA,NA
"36","1. @Nestle your advert on maggi Nigeria is disturbing. It assigns gender roles-more like a stereotype-that women belong to the kitchen.",FALSE,1,NA,2017-05-27 07:41:54,FALSE,NA,"868371672314892289",NA,"<a href=""http://twitter.com/download/android"" rel=""nofollow"">Twitter for Android</a>","amakabela",1,FALSE,FALSE,NA,NA
"37","RT @Forbes: World's largest food and beverage companies:
1. Nestle
2. Pepsi
3. Coca-Cola 
https://t.co/ZcWCsnROu4 #Global2000 https://t.co/…",FALSE,0,NA,2017-05-27 07:31:35,FALSE,NA,"868369076162224128",NA,"<a href=""http://twitter.com/download/iphone"" rel=""nofollow"">Twitter for iPhone</a>","geoff_deweaver",125,TRUE,FALSE,NA,NA
"38","Start your day with a Nestle favourite… fortified with brand nutrients #BrandBritainVault https://t.co/KuXtC8YIAK https://t.co/UYJthFCaTT",FALSE,0,NA,2017-05-27 07:30:18,FALSE,NA,"868368752286588928",NA,"<a href=""https://www.socialjukebox.com"" rel=""nofollow"">The Social Jukebox</a>","BrandBritain",0,FALSE,FALSE,NA,NA
"39","Ready to nestle into a well deserved computer free day.",FALSE,1,NA,2017-05-27 07:30:15,FALSE,NA,"868368740479619072",NA,"<a href=""http://www.facebook.com/twitter"" rel=""nofollow"">Facebook</a>","DouglasLKennedy",0,FALSE,FALSE,NA,NA
"40","Devotees make offerings with Nestle Munch at this temple in Allapuzha, India. #MunchMurugan @Nestle @NestleIndia https://t.co/PoMBxeKXVM",FALSE,0,NA,2017-05-27 07:29:39,FALSE,NA,"868368589014712320",NA,"<a href=""http://twitter.com/download/android"" rel=""nofollow"">Twitter for Android</a>","shree21",0,FALSE,FALSE,NA,NA
"41","RT @successfactors: Join @vendorprisey @dragones &amp; @Nestle for a discussion on #HR tech innovation at #Sconnect17 London. Register here: ht…",FALSE,0,NA,2017-05-27 07:26:14,FALSE,NA,"868367727198601217",NA,"<a href=""http://twitter.com/download/iphone"" rel=""nofollow"">Twitter for iPhone</a>","SophShep",5,TRUE,FALSE,NA,NA
"42","RT @Nestle: Our 2030 ambition: Help 50 million children lead healthier lives: https://t.co/TEfW9cdi5n #GlobalGoals https://t.co/zAGQdsMtXQ",FALSE,0,NA,2017-05-27 07:26:08,FALSE,NA,"868367703869972480",NA,"<a href=""http://twitter.com/#!/download/ipad"" rel=""nofollow"">Twitter for iPad</a>","3mariam79",7,TRUE,FALSE,NA,NA
"43","RT @Nestle: Supporting dairy farmers &amp; their families in Sri Lanka to produce milk more sustainably and profitably: https://t.co/m5wxxHF09C…",FALSE,0,NA,2017-05-27 07:25:56,FALSE,NA,"868367652158410752",NA,"<a href=""http://www.backloggerstools.blogspot.ca/"" rel=""nofollow"">Jothipala Bot</a>","Jothipala_Bot",6,TRUE,FALSE,NA,NA
"44","RT @Nestle: Supporting dairy farmers &amp; their families in Sri Lanka to produce milk more sustainably and profitably: https://t.co/m5wxxHF09C…",FALSE,0,NA,2017-05-27 07:25:56,FALSE,NA,"868367650732335104",NA,"<a href=""http://twitter.com/#!/download/ipad"" rel=""nofollow"">Twitter for iPad</a>","3mariam79",6,TRUE,FALSE,NA,NA
"45","Muscle Video ENG - https://t.co/bvdKvWYMM5",FALSE,0,NA,2017-05-27 07:25:11,FALSE,NA,"868367464219910145",NA,"<a href=""http://twitter.com"" rel=""nofollow"">Twitter Web Client</a>","AffinNabil",0,FALSE,FALSE,NA,NA
"46","If you're looking for work in #Lee, FL, check out this #job: https://t.co/itB6f2Tai1 #Manufacturing #Hiring #CareerArc",FALSE,0,NA,2017-05-27 07:23:57,FALSE,NA,"868367154701148160",NA,"<a href=""http://www.tweetmyjobs.com"" rel=""nofollow"">TweetMyJOBS</a>","NWNAjobs",0,FALSE,FALSE,NA,NA
"47","RT @FarmFutures: Nestle said late last year it had found a way to reduce #sugar in chocolate as much as 40% https://t.co/uUTAcDmQhy https:/…",FALSE,0,NA,2017-05-27 07:20:33,FALSE,NA,"868366299545690113",NA,"<a href=""https://mobile.twitter.com"" rel=""nofollow"">Mobile Web (M2)</a>","Angelo80357382",11,TRUE,FALSE,NA,NA
"48","This #job might be a great fit for you: Apprentice - https://t.co/2F37hepr4w #Manufacturing #USA #Hiring #CareerArc",FALSE,0,NA,2017-05-27 07:06:59,FALSE,NA,"868362883381383168",NA,"<a href=""http://www.tweetmyjobs.com"" rel=""nofollow"">TweetMyJOBS</a>","NWNAjobs",0,FALSE,FALSE,NA,NA
"49","RT @Chellaney: An example of how the bottled-water industry siphons off water almost for free, causing environmental despoliation: https://…",FALSE,0,NA,2017-05-27 07:03:02,FALSE,NA,"868361888878297088",NA,"<a href=""http://twitter.com/download/android"" rel=""nofollow"">Twitter for Android</a>","Vaishali_Rana_C",139,TRUE,FALSE,NA,NA
"50","RT @NestleUKI: Our famous #Milkybar now has more milk! Read on... https://t.co/SiQc9VDZxi https://t.co/P5KpFV9uBz",FALSE,0,NA,2017-05-27 07:00:43,FALSE,NA,"868361307321511938",NA,"<a href=""http://twitter.com/download/iphone"" rel=""nofollow"">Twitter for iPhone</a>","3lliie_x",5,TRUE,FALSE,NA,NA
"51","We awarded @Agrohub our #CSV prize to support #sustainable cassava in Africa: https://t.co/9mAN1dbOn1 #GoodLife… https://t.co/dgI5wPZTx6",FALSE,1,NA,2017-05-27 06:55:03,TRUE,NA,"868359881815990272",NA,"<a href=""http://www.radian6.com"" rel=""nofollow"">Radian6 -Social Media Management</a>","nestleaunews",0,FALSE,FALSE,NA,NA
"52","'Frosted shreddies' from Aldi cannot be compared to original ones from Nestle. #mistake#cheapdoesnotpay",FALSE,0,NA,2017-05-27 06:50:33,FALSE,NA,"868358749496504320",NA,"<a href=""http://twitter.com/download/iphone"" rel=""nofollow"">Twitter for iPhone</a>","famdarweish",0,FALSE,FALSE,NA,NA
"53","Trademark Dispute on the Colour Purple Cadbury vs Nestlé. Read more. https://t.co/ulDVTtdSf3 https://t.co/vD60q3TJIv",FALSE,0,NA,2017-05-27 06:50:32,FALSE,NA,"868358744870191105",NA,"<a href=""http://sendible.com"" rel=""nofollow"">Sendible App</a>","tmandpatents",0,FALSE,FALSE,NA,NA
"54","RT @AllergenBureau: #ILSIChina Beijing  @ILSI_Global. @AllergenBureau members Kirsten Grinter &amp; Lawrence li, Nestle, &amp; Caroline Gray, Danis…",FALSE,0,NA,2017-05-27 06:44:58,FALSE,NA,"868357344362549249",NA,"<a href=""http://twitter.com/download/iphone"" rel=""nofollow"">Twitter for iPhone</a>","REDV6",5,TRUE,FALSE,NA,NA
"55","Turn up the heat. Enter now and you can win a game console or 3D printer and 1 of 100s of smokin hot instant prizes https://t.co/jmpMHjU1Jx",FALSE,0,NA,2017-05-27 06:44:53,FALSE,NA,"868357321369452545",NA,"<a href=""http://twitter.com/#!/download/ipad"" rel=""nofollow"">Twitter for iPad</a>","katefree138",0,FALSE,FALSE,NA,NA
"56","RT @AllergenBureau: #FAMS2017 upcoming presentation. Making VITAL progress - #foodallergen risk review &amp; anomalies. Kirsten Grinter @Allerg…",FALSE,0,NA,2017-05-27 06:44:41,FALSE,NA,"868357269972320256",NA,"<a href=""http://twitter.com/download/iphone"" rel=""nofollow"">Twitter for iPhone</a>","REDV6",3,TRUE,FALSE,NA,NA
"57","RT @AgainstSugarTax: Most people do not want less sugar in their chocolate bars! https://t.co/PLYWgXPHSg",FALSE,0,NA,2017-05-27 06:42:40,FALSE,NA,"868356762000293888",NA,"<a href=""http://twitter.com/#!/download/ipad"" rel=""nofollow"">Twitter for iPad</a>","fishwifeskitch",6,TRUE,FALSE,NA,NA
"58","Nestlé: James works for @Purina’s recycling team, helping to fight the war on waste:… https://t.co/DI2JyfM4Dz #BrandsIUse",FALSE,0,NA,2017-05-27 06:39:03,FALSE,NA,"868355855359426560",NA,"<a href=""https://dlvrit.com/"" rel=""nofollow"">dlvr.it</a>","BrandsIUse",0,FALSE,FALSE,NA,NA
"59","nestle pure life &amp; fiji water the best water https://t.co/7rkJdGX55u",FALSE,0,NA,2017-05-27 06:36:58,FALSE,NA,"868355327540043780",NA,"<a href=""http://twitter.com/download/iphone"" rel=""nofollow"">Twitter for iPhone</a>","s_calii",0,FALSE,FALSE,NA,NA
"60","RT @kqwim: salam betul ke ignorance is a bliss? bukan nestle bliss?",FALSE,0,NA,2017-05-27 06:33:05,FALSE,NA,"868354352389410816",NA,"<a href=""http://www.tweetcaster.com"" rel=""nofollow"">TweetCaster for Android</a>","Brastal",2,TRUE,FALSE,NA,NA
"61","RT @kqwim: salam betul ke ignorance is a bliss? bukan nestle bliss?",FALSE,0,NA,2017-05-27 06:31:22,FALSE,NA,"868353918702505984",NA,"<a href=""http://twitter.com/download/iphone"" rel=""nofollow"">Twitter for iPhone</a>","TheEcahs",2,TRUE,FALSE,NA,NA
"62","Interested in a #job in #Kingfield, ME? This could be a great fit: https://t.co/iuzIL7xAdk #SupplyChain #Hiring #CareerArc",FALSE,0,NA,2017-05-27 06:30:53,FALSE,NA,"868353798833528832",NA,"<a href=""http://www.tweetmyjobs.com"" rel=""nofollow"">TweetMyJOBS</a>","NWNAjobs",0,FALSE,FALSE,NA,NA
"63","salam betul ke ignorance is a bliss? bukan nestle bliss?",FALSE,0,NA,2017-05-27 06:30:33,FALSE,NA,"868353715287105538",NA,"<a href=""http://twitter.com/download/android"" rel=""nofollow"">Twitter for Android</a>","kqwim",2,FALSE,FALSE,NA,NA
"64","@Nestle Munch has a high sugar content https://t.co/uI5AV3p7ls",FALSE,0,"Nestle",2017-05-27 06:30:08,FALSE,NA,"868353608189964289","23085995","<a href=""http://twuffer.com"" rel=""nofollow"">Twuffer</a>","foodnetIndia",0,FALSE,FALSE,NA,NA
"65","RT @Nestle: How we're turning rejected chocolates and sweets into clean energy: https://t.co/HC2WeJ1fXS #GoodLife https://t.co/2MFzQujcII",FALSE,0,NA,2017-05-27 06:23:53,FALSE,NA,"868352036223451136",NA,"<a href=""http://twitter.com/download/android"" rel=""nofollow"">Twitter for Android</a>","Chiagozie_Great",10,TRUE,FALSE,NA,NA
"66","RT @gaelle_o: How can @AXA and insurance make roads safer for all? https://t.co/T3yW3cDlpz w @Nestle @Zurich @grspartnership <ed><U+00A0><U+00BD><ed><U+00B1><U+008D><ed><U+00A0><U+00BD><ed><U+00BA><U+0098><ed><U+00A0><U+00BD><ed><U+00BB><U+00B5><ed><U+00A0><U+00BD><ed><U+00BA><U+00B2><ed><U+00A0><U+00BD><ed><U+00BA><U+00A8>",FALSE,0,NA,2017-05-27 06:23:33,FALSE,NA,"868351951980949504",NA,"<a href=""http://twitter.com/download/iphone"" rel=""nofollow"">Twitter for iPhone</a>","19_zaz",6,TRUE,FALSE,NA,NA
"67","RT @Nestle: How we're turning rejected chocolates and sweets into clean energy: https://t.co/HC2WeJ1fXS #GoodLife https://t.co/2MFzQujcII",FALSE,0,NA,2017-05-27 06:23:00,FALSE,NA,"868351816081321984",NA,"<a href=""http://twitter.com/download/android"" rel=""nofollow"">Twitter for Android</a>","RichardMunang",10,TRUE,FALSE,NA,NA
"68","Thank you James for helping humanity https://t.co/EZKnURYFdS",FALSE,0,NA,2017-05-27 06:22:17,FALSE,NA,"868351634929274880",NA,"<a href=""http://twitter.com/download/android"" rel=""nofollow"">Twitter for Android</a>","CorpFarmersTV",0,FALSE,FALSE,NA,NA
"69","Turn up the heat. Enter now and you can win a game console or 3D printer and 1 of 100s of smokin hot instant prizes https://t.co/54HTzMGItU",FALSE,0,NA,2017-05-27 06:21:11,FALSE,NA,"868351356062621696",NA,"<a href=""http://twitter.com"" rel=""nofollow"">Twitter Web Client</a>","onlyaMontanan",0,FALSE,FALSE,NA,NA
"70","I love how Nestle and Jollibee markets their products.",FALSE,5,NA,2017-05-27 06:21:06,FALSE,NA,"868351337397764096",NA,"<a href=""http://twitter.com/download/android"" rel=""nofollow"">Twitter for Android</a>","iampause",1,FALSE,FALSE,NA,NA
"71","This is absolutely Agribusiness Beyond Food @BBoason @OVHEnergy @IITA_CGIAR @FarmAfrica @RichardMunang Good job tea… https://t.co/mTovuXlajJ",FALSE,1,NA,2017-05-27 06:19:29,TRUE,NA,"868350928423989248",NA,"<a href=""http://twitter.com/download/android"" rel=""nofollow"">Twitter for Android</a>","CorpFarmersTV",0,FALSE,FALSE,NA,NA
"72","@firstmomsclub @AlpinoIndia #MayForMoms..FORGET LOVE ...I'D RATHER FALL IN YUMMY &amp; TASTY NESTLE ALPINO ...",FALSE,0,"firstmomsclub",2017-05-27 06:15:55,FALSE,"868326644787933186","868350031698444288","467495963","<a href=""http://twitter.com"" rel=""nofollow"">Twitter Web Client</a>","SonamjitKaur",0,FALSE,FALSE,NA,NA
"73","It's a lot due to companies like @Cargill @PepsiCo @Nestle @kraft @Fritolay @NutellaGlobal @SaraLeeDesserts… https://t.co/vhM9L7LZSV",FALSE,0,NA,2017-05-27 06:14:52,TRUE,NA,"868349766198894592",NA,"<a href=""http://twitter.com/download/iphone"" rel=""nofollow"">Twitter for iPhone</a>","marinaslater",0,FALSE,FALSE,NA,NA
"74","@Cernovich watch the video

wtf is in the nestle water bottle they brought her
and the sh*t she is putting in her mouth.....",FALSE,0,"Cernovich",2017-05-27 06:12:01,FALSE,"868343827941085184","868349051825213440","358545917","<a href=""http://twitter.com"" rel=""nofollow"">Twitter Web Client</a>","Slaremun_Snido",0,FALSE,FALSE,NA,NA
"75","RT @NestleCerealsUK: Milk first or cereal first? Whichever order it’s put in the bowl, cold milk &amp; cereal is a perfect match! #cereal https…",FALSE,0,NA,2017-05-27 06:09:36,FALSE,NA,"868348441058975744",NA,"<a href=""http://twitter.com/download/android"" rel=""nofollow"">Twitter for Android</a>","roadaan",5,TRUE,FALSE,NA,NA
"76","James works for @Purina’s recycling team, helping to fight the war on waste: https://t.co/ZDqDMYD0er #GoodLife https://t.co/cKoukDoNqk",FALSE,5,NA,2017-05-27 06:09:04,FALSE,NA,"868348307348889604",NA,"<a href=""http://www.radian6.com"" rel=""nofollow"">Radian6 -Social Media Management</a>","Nestle",2,FALSE,FALSE,NA,NA
"77","We're #hiring! Click to apply: Customer Operations Manager - https://t.co/FjziDwgJ3P #SupplyChain #Woodridge, IL #Job #Jobs #CareerArc",FALSE,0,NA,2017-05-27 06:06:56,FALSE,NA,"868347769659940869",NA,"<a href=""http://www.tweetmyjobs.com"" rel=""nofollow"">TweetMyJOBS</a>","NWNAjobs",0,FALSE,FALSE,NA,NA
"78","Warehouse I - Full Time - 40 HR/WK Sunday-Thursday - Anchorage, AK - Nestle USA - Anchorage, AK https://t.co/tLheZyQI3b",FALSE,0,NA,2017-05-27 06:06:11,FALSE,NA,"868347581063196672",NA,"<a href=""https://ifttt.com"" rel=""nofollow"">IFTTT</a>","supra1Bqteam",0,FALSE,FALSE,NA,NA
"79","RT @OneIdentity: .@OneIdentity customer @Nestlé was named a winner at the @kuppingercole #eic17. Find out what made them stand out: https:/…",FALSE,0,NA,2017-05-27 05:56:33,FALSE,NA,"868345159385272320",NA,"<a href=""http://twitter.com/download/iphone"" rel=""nofollow"">Twitter for iPhone</a>","bringyourownid",1,TRUE,FALSE,NA,NA
"80","Our 2030 ambition: Help 50 million children lead healthier lives to drive the #GlobalGoals: https://t.co/eVi2pkTvH5… https://t.co/UOj4dfOUmc",FALSE,0,NA,2017-05-27 05:55:08,TRUE,NA,"868344801124651008",NA,"<a href=""http://www.radian6.com"" rel=""nofollow"">Radian6 -Social Media Management</a>","nestleaunews",0,FALSE,FALSE,NA,NA
"81","RT @NestleCerealsUK: Start your day the heart healthy way with Cheerios Oat Crisp, berries, yoghurt #NationalCholesterolMonth #NCMHEARTUK h…",FALSE,0,NA,2017-05-27 05:54:09,FALSE,NA,"868344553404743680",NA,"<a href=""http://twitter.com"" rel=""nofollow"">Twitter Web Client</a>","AmarePaula",3,TRUE,FALSE,NA,NA
"82","RT @NestleCerealsUK: Breakfast is an important meal but we all do it differently. Here's a list of 10 breakfasts from around the world http…",FALSE,0,NA,2017-05-27 05:53:59,FALSE,NA,"868344512099131393",NA,"<a href=""http://twitter.com"" rel=""nofollow"">Twitter Web Client</a>","AmarePaula",2,TRUE,FALSE,NA,NA
"83","RT @NestleCerealsUK: Milk first or cereal first? Whichever order it’s put in the bowl, cold milk &amp; cereal is a perfect match! #cereal https…",FALSE,0,NA,2017-05-27 05:53:19,FALSE,NA,"868344344461197312",NA,"<a href=""http://twitter.com"" rel=""nofollow"">Twitter Web Client</a>","AmarePaula",5,TRUE,FALSE,NA,NA
"84","“I see it as a big step forward,” Marion Nestle, New York University - @SciDevNetSEAP https://t.co/qsqF1kAZ3v",FALSE,0,NA,2017-05-27 05:51:10,FALSE,NA,"868343802074877952",NA,"<a href=""http://twitter.com"" rel=""nofollow"">Twitter Web Client</a>","SciDevNetSEAP",0,FALSE,FALSE,NA,NA
"85","RT @pizzagirl757: Turn up the heat. Enter now and you can win a game console or 3D printer and 1 of 100s of smokin hot instant prizes https…",FALSE,0,NA,2017-05-27 05:49:48,FALSE,NA,"868343458372751360",NA,"<a href=""http://twitter.com"" rel=""nofollow"">Twitter Web Client</a>","JordinQuinvag",1,TRUE,FALSE,NA,NA
"86","Times are rough but Gods grace is like proactive for the ""pore"" in spirit <ed><U+00A0><U+00BD><ed><U+00B9><U+008F><ed><U+00A0><U+00BC><ed><U+00BF><U+00BE>",FALSE,0,NA,2017-05-27 05:46:17,FALSE,NA,"868342575463190528",NA,"<a href=""http://twitter.com/download/iphone"" rel=""nofollow"">Twitter for iPhone</a>","Nestle_Crunch93",0,FALSE,FALSE,NA,NA
"87","#Chokito Bar: New and Improved? https://t.co/QPaHuGaVzV",FALSE,0,NA,2017-05-27 05:40:07,FALSE,NA,"868341024032264193",NA,"<a href=""http://www.hootsuite.com"" rel=""nofollow"">Hootsuite</a>","Moo_Lolly_Bar",0,FALSE,FALSE,NA,NA
"88","RT @NestleUKI: You've heard of chocolate eggs, but what about chocolate fish, cockerels &amp; shoes? Read our archivist's #Easter blog
https://…",FALSE,0,NA,2017-05-27 05:39:36,FALSE,NA,"868340892410626048",NA,"<a href=""http://twitter.com"" rel=""nofollow"">Twitter Web Client</a>","AmarePaula",2,TRUE,FALSE,NA,NA
"89","RT @NestleUKI: Helping fight the war on waste in pet food production. James works for @Purina’s recycling team: https://t.co/CgafNDeluy #Ne…",FALSE,0,NA,2017-05-27 05:39:27,FALSE,NA,"868340856981340160",NA,"<a href=""http://twitter.com"" rel=""nofollow"">Twitter Web Client</a>","bantalevinia",2,TRUE,FALSE,NA,NA
"90","RT @NestleUKI: Our 2030 ambition: Improved livelihoods for 30 million people in communities where we work to back the #GlobalGoals: https:/…",FALSE,0,NA,2017-05-27 05:39:18,FALSE,NA,"868340818687401984",NA,"<a href=""http://twitter.com"" rel=""nofollow"">Twitter Web Client</a>","bantalevinia",3,TRUE,FALSE,NA,NA
"91","RT @NestleUKI: Our 2030 ambition: Improved livelihoods for 30 million people in communities where we work to back the #GlobalGoals: https:/…",FALSE,0,NA,2017-05-27 05:38:53,FALSE,NA,"868340711590051840",NA,"<a href=""http://twitter.com"" rel=""nofollow"">Twitter Web Client</a>","AmarePaula",3,TRUE,FALSE,NA,NA
"92","RT @NestleUKI: Helping fight the war on waste in pet food production. James works for @Purina’s recycling team: https://t.co/CgafNDeluy #Ne…",FALSE,0,NA,2017-05-27 05:38:29,FALSE,NA,"868340610029072384",NA,"<a href=""http://twitter.com"" rel=""nofollow"">Twitter Web Client</a>","AmarePaula",2,TRUE,FALSE,NA,NA
"93","Turn up the heat. Enter now and you can win a game console or 3D printer and 1 of 100s of smokin hot instant prizes https://t.co/u0Akx9FvLI",FALSE,1,NA,2017-05-27 05:38:09,FALSE,NA,"868340529024704513",NA,"<a href=""http://twitter.com"" rel=""nofollow"">Twitter Web Client</a>","AvonScents",0,FALSE,FALSE,NA,NA
"94","RT @NestleUKI: Our famous #Milkybar now has more milk! Read on... https://t.co/SiQc9VDZxi https://t.co/P5KpFV9uBz",FALSE,0,NA,2017-05-27 05:37:58,FALSE,NA,"868340480848699392",NA,"<a href=""http://twitter.com"" rel=""nofollow"">Twitter Web Client</a>","AmarePaula",5,TRUE,FALSE,NA,NA
"95","filipino wedding songs https://t.co/PA8a9ac4pX nestle infant formula controversy",FALSE,0,NA,2017-05-27 05:36:33,FALSE,NA,"868340124077236224",NA,"<a href=""http://loveepicentre.co.uk/"" rel=""nofollow"">M_Parshanina198</a>","M_Parshanina",0,FALSE,FALSE,NA,NA
"96","RT @GWFWater: via @nytimes | @Nestle's #water bottling arm is thirsty, and getting thirstier, to the concern of local communities https://t…",FALSE,0,NA,2017-05-27 05:33:47,FALSE,NA,"868339428779020289",NA,"<a href=""http://twitter.com/download/iphone"" rel=""nofollow"">Twitter for iPhone</a>","Michelle_Kooy",6,TRUE,FALSE,NA,NA
"97","RT @DonDrakore: Rawr?
Yes dragons likes to nestle to. ^.=.^
This time with the lovely Kitsune for #FursuitFriday https://t.co/ddoY4gUzcL",FALSE,0,NA,2017-05-27 05:26:04,FALSE,NA,"868337488976388096",NA,"<a href=""http://twitter.com/download/iphone"" rel=""nofollow"">Twitter for iPhone</a>","macrowolfdog",9,TRUE,FALSE,NA,NA
"98","RT @nagpai: @PhilippaKaye @PawanDurani @reshii @sangeetakhanna @nolansatwit @IncredibleBhumi @cafe_chica @IndiaIsCalling @ajayjain Mussoori…",FALSE,0,NA,2017-05-27 05:21:55,FALSE,NA,"868336444472934400",NA,"<a href=""http://twitter.com/download/iphone"" rel=""nofollow"">Twitter for iPhone</a>","reshii",1,TRUE,FALSE,NA,NA
"99","RT @NestleUKI: Our famous #Milkybar now has more milk! Read on... https://t.co/SiQc9VDZxi https://t.co/P5KpFV9uBz",FALSE,0,NA,2017-05-27 05:21:16,FALSE,NA,"868336278948921345",NA,"<a href=""http://twitter.com"" rel=""nofollow"">Twitter Web Client</a>","bantalevinia",5,TRUE,FALSE,NA,NA
"100","@marwilliamson NESTLE  USES CHILD SLAVE LABOR IN WST AFRICA -HARVEST COCOA!!!14 HOUR DAYS-LOCK IN METAL SHEDS AT NI… https://t.co/wn3ODUeD0I",FALSE,0,"marwilliamson",2017-05-27 05:17:19,TRUE,"868300564236578816","868335283129004032","21522338","<a href=""http://twitter.com"" rel=""nofollow"">Twitter Web Client</a>","c_tecumseh",0,FALSE,FALSE,NA,NA
"101","Turn up the heat. Enter now and you can win a game console or 3D printer and 1 of 100s of smokin hot instant prizes https://t.co/SX04RU2BmR",FALSE,0,NA,2017-05-27 05:16:49,FALSE,NA,"868335159531241472",NA,"<a href=""http://twitter.com"" rel=""nofollow"">Twitter Web Client</a>","pizzagirl757",1,FALSE,FALSE,NA,NA
"102","Can you recommend anyone for this #job in #Lee, FL? https://t.co/XlWO8LBMco #Manufacturing #Hiring #CareerArc",FALSE,0,NA,2017-05-27 05:08:56,FALSE,NA,"868333175407128576",NA,"<a href=""http://www.tweetmyjobs.com"" rel=""nofollow"">TweetMyJOBS</a>","NWNAjobs",0,FALSE,FALSE,NA,NA
"103","@PhilippaKaye @PawanDurani @reshii @sangeetakhanna @nolansatwit @IncredibleBhumi @cafe_chica @IndiaIsCalling… https://t.co/2oSIiWJ9Bv",FALSE,1,"PhilippaKaye",2017-05-27 05:07:20,TRUE,"868322627072348160","868332771533443073","51660673","<a href=""http://twitter.com"" rel=""nofollow"">Twitter Web Client</a>","nagpai",1,FALSE,FALSE,NA,NA
"104","We're #hiring! Read about our latest #job opening here: Factory Manager - https://t.co/SgFzPdv277 #SupplyChain #Carlisle, OH #CareerArc",FALSE,0,NA,2017-05-27 05:06:52,FALSE,NA,"868332654474674178",NA,"<a href=""http://www.tweetmyjobs.com"" rel=""nofollow"">TweetMyJOBS</a>","NWNAjobs",0,FALSE,FALSE,NA,NA
"105","They will not have windows or doors to my soul and they are no longer allowed to nestle in my space for comfort and refuge.//",FALSE,0,NA,2017-05-27 05:06:47,FALSE,NA,"868332635776483328",NA,"<a href=""https://mobile.twitter.com"" rel=""nofollow"">Twitter Lite</a>","Mshggxh",0,FALSE,FALSE,NA,NA
"106","@firstmomsclub @AlpinoIndia #MayForMoms #ContestAlert #DAY2
forget love..i'd rather fall in for  Nestle CHocolate w… https://t.co/D1BAnqJzF0",FALSE,0,"firstmomsclub",2017-05-27 05:01:51,TRUE,"868326644787933186","868331392475594752","467495963","<a href=""http://twitter.com"" rel=""nofollow"">Twitter Web Client</a>","nandinisaha04",0,FALSE,FALSE,NA,NA
"107","RT @InetF: @grampa194235 Nestle corp is now leaving California because of its anti-capitalist, socialist bs.  Everyone is leaving.  I'm lea…",FALSE,0,NA,2017-05-27 05:01:19,FALSE,NA,"868331257670717440",NA,"<a href=""http://www.tweetcaster.com"" rel=""nofollow"">TweetCaster for Android</a>","grampa194235",1,TRUE,FALSE,NA,NA
"108","@_vstrongarm Great video. Def eye opening! Would've loved for you to add Fiji, Deer Park, and Nestle water.",FALSE,0,"_vstrongarm",2017-05-27 05:01:16,FALSE,"841636170677256192","868331246337871873","6839192","<a href=""http://twitter.com/download/iphone"" rel=""nofollow"">Twitter for iPhone</a>","MariGetBillions",0,FALSE,FALSE,NA,NA
"109","Our 2030 ambition: Zero environmental impact in our operations to support the #GlobalGoals: https://t.co/j5XPFiur7w… https://t.co/RKQGmOmsPq",FALSE,0,NA,2017-05-27 04:55:14,TRUE,NA,"868329729543348225",NA,"<a href=""http://www.radian6.com"" rel=""nofollow"">Radian6 -Social Media Management</a>","nestleaunews",0,FALSE,FALSE,NA,NA
"110","RT @FarmFutures: Nestle said late last year it had found a way to reduce #sugar in chocolate as much as 40% https://t.co/uUTAcDmQhy https:/…",FALSE,0,NA,2017-05-27 04:54:16,FALSE,NA,"868329486361780224",NA,"<a href=""http://twitter.com/download/android"" rel=""nofollow"">Twitter for Android</a>","Kosie01",11,TRUE,FALSE,NA,NA
"111","NEW! Nestle USA: PART TIME RETAIL REPRESENTATIVE - Glendale He... (Virtual) https://t.co/EWT63qielf #intern #internships",FALSE,1,NA,2017-05-27 04:54:10,FALSE,NA,"868329458859507712",NA,"<a href=""http://www.internships.com"" rel=""nofollow"">Internships Stream</a>","internshipjob",0,FALSE,FALSE,NA,NA
"112","RT @FarmFutures: Nestle said late last year it had found a way to reduce #sugar in chocolate as much as 40% https://t.co/uUTAcDmQhy https:/…",FALSE,0,NA,2017-05-27 04:47:31,FALSE,NA,"868327785911263232",NA,"<a href=""https://mobile.twitter.com"" rel=""nofollow"">Mobile Web (M2)</a>","FX_Monkey",11,TRUE,FALSE,NA,NA
"113","RT @FarmFutures: Nestle said late last year it had found a way to reduce #sugar in chocolate as much as 40% https://t.co/uUTAcDmQhy https:/…",FALSE,0,NA,2017-05-27 04:43:05,FALSE,NA,"868326669202927616",NA,"<a href=""http://twitter.com"" rel=""nofollow"">Twitter Web Client</a>","tcmerrill_2017",11,TRUE,FALSE,NA,NA
"114","RT @FarmFutures: Nestle said late last year it had found a way to reduce #sugar in chocolate as much as 40% https://t.co/uUTAcDmQhy https:/…",FALSE,0,NA,2017-05-27 04:38:19,FALSE,NA,"868325469992648704",NA,"<a href=""http://twitter.com/download/iphone"" rel=""nofollow"">Twitter for iPhone</a>","VinzEnergy",11,TRUE,FALSE,NA,NA
"115","RT @nytimesbusiness: Bottled water is big business. Nestlé takes 130 million gallons of water from this Michigan town and pays a $200 fee h…",FALSE,0,NA,2017-05-27 04:28:09,FALSE,NA,"868322910665965569",NA,"<a href=""http://twitter.com/download/android"" rel=""nofollow"">Twitter for Android</a>","sugarlogix",11,TRUE,FALSE,NA,NA
"116","Turn up the heat. Enter now and you can win a game console or 3D printer and 1 of 100s of smokin hot instant prizes https://t.co/zTr93hGOG3",FALSE,0,NA,2017-05-27 04:26:39,FALSE,NA,"868322532453007360",NA,"<a href=""http://twitter.com"" rel=""nofollow"">Twitter Web Client</a>","blindmarkshow",0,FALSE,FALSE,NA,NA
"117","RT @Wook316: Has anyone tried cutting Coke w Nestle Kwik?

Im trying to reach a new demographic.",FALSE,0,NA,2017-05-27 04:24:15,FALSE,NA,"868321929454690304",NA,"<a href=""http://twitter.com/download/android"" rel=""nofollow"">Twitter for Android</a>","metanatron",1,TRUE,FALSE,NA,NA
"118","""You know I had to raise the bar like a nestle crunch
I ain't a blood but it's early so I guess it's brunch""",FALSE,0,NA,2017-05-27 04:19:02,FALSE,NA,"868320615631073280",NA,"<a href=""http://twitter.com/download/android"" rel=""nofollow"">Twitter for Android</a>","Miss_Manii",0,FALSE,FALSE,NA,NA
"119","Nestle Hot Cocoa Mix, Rich Chocolate, 50 Count, 0.71 Ounce Packets by Nestle Hot Cocoa https://t.co/NWDd9HcBcZ",FALSE,0,NA,2017-05-27 04:10:01,FALSE,NA,"868318349561925632",NA,"<a href=""https://www.bittopper.com/rss/new/"" rel=""nofollow"">Wedding gift ideas</a>","endianstonemas",0,FALSE,FALSE,NA,NA
"120","RT @Cloud10LV: Nestle water tastes like 3 day old Devil's piss in a Porta Potty in the middle of Biloxi, Mississsippi.",FALSE,0,NA,2017-05-27 04:07:52,FALSE,NA,"868317808869900288",NA,"<a href=""http://twitter.com/download/iphone"" rel=""nofollow"">Twitter for iPhone</a>","IAmChey_D",2,TRUE,FALSE,NA,NA
"121","Join the Nestle Waters NA team! See our latest #job opening here: https://t.co/hD5wlvmibf #Stamford, CT #Hiring #CareerArc",FALSE,0,NA,2017-05-27 04:06:40,FALSE,NA,"868317506850529280",NA,"<a href=""http://www.tweetmyjobs.com"" rel=""nofollow"">TweetMyJOBS</a>","NWNAjobs",0,FALSE,FALSE,NA,NA
"122","Nestle Tollhouse. ""IT'S STUFF LIKE THIS WHICH IS WHY YOU'RE BURNING IN HELL!""",FALSE,0,NA,2017-05-27 04:03:57,FALSE,NA,"868316820364832768",NA,"<a href=""http://www.apple.com"" rel=""nofollow"">iOS</a>","kiimpillinger",0,FALSE,FALSE,NA,NA
"123","RT @Chellaney: An example of how the bottled-water industry siphons off water almost for free, causing environmental despoliation: https://…",FALSE,0,NA,2017-05-27 04:02:36,FALSE,NA,"868316479988523008",NA,"<a href=""http://twitter.com/download/android"" rel=""nofollow"">Twitter for Android</a>","monk_razr",139,TRUE,FALSE,NA,NA
"124","That's very good, he says. If you continue to thrust. I pull you back to nestle against me more as I begin to feel the vibrations move thro",FALSE,0,NA,2017-05-27 04:00:06,FALSE,NA,"868315851153453056",NA,"<a href=""http://oysttyer.github.io/oysttyer/"" rel=""nofollow"">oysttyer</a>","the_ddlg",0,FALSE,FALSE,NA,NA
"125","Household Giant Nestle Leaves California Over Economically Strangling Laws https://t.co/Fvka1WlCxm",FALSE,0,NA,2017-05-27 04:00:02,FALSE,NA,"868315834644664320",NA,"<a href=""http://twitter.com/#!/download/ipad"" rel=""nofollow"">Twitter for iPad</a>","LivenAndLearn_n",0,FALSE,FALSE,NA,NA
"126","@marwilliamson NESTLE SELLS WATER TO FLINT MICH FOR $3 PER BOTTLE!!! TAKEN FROM MICH UNDERGROUND WATER SUPPLY!!!  P… https://t.co/SWLMdQ8vMG",FALSE,1,"marwilliamson",2017-05-27 03:58:23,TRUE,"868300564236578816","868315421514006528","21522338","<a href=""http://twitter.com"" rel=""nofollow"">Twitter Web Client</a>","c_tecumseh",0,FALSE,FALSE,NA,NA
"127","@marwilliamson NESTLE PAYS ST- MICH $200 PER YR FOR PERMIT TO TAKE 400 GALS PER MIN!!! OUT OF MICH UNDERGROUND WATE… https://t.co/fDVZ8zOnF3",FALSE,0,"marwilliamson",2017-05-27 03:56:17,TRUE,"868300564236578816","868314891198881793","21522338","<a href=""http://twitter.com"" rel=""nofollow"">Twitter Web Client</a>","c_tecumseh",0,FALSE,FALSE,NA,NA
"128","Has anyone tried cutting Coke w Nestle Kwik?

Im trying to reach a new demographic.",FALSE,5,NA,2017-05-27 03:54:41,FALSE,NA,"868314489741094912",NA,"<a href=""http://twitter.com/download/android"" rel=""nofollow"">Twitter for Android</a>","Wook316",1,FALSE,FALSE,NA,NA
"129","RT @Nestlepro: Running factories on rainwater, striving for zero environmental impact in our operations. #GoodLife #Nestle See: https://t.c…",FALSE,0,NA,2017-05-27 03:52:57,FALSE,NA,"868314053734572033",NA,"<a href=""http://twitter.com/download/iphone"" rel=""nofollow"">Twitter for iPhone</a>","TimWolfe2",1,TRUE,FALSE,NA,NA
"130","Find out how we're encouraging entrepreneurship and providing good coffee across Africa: https://t.co/vbspjSzDD0… https://t.co/3r6Az6GYbg",FALSE,0,NA,2017-05-27 03:50:06,TRUE,NA,"868313336454279168",NA,"<a href=""http://www.radian6.com"" rel=""nofollow"">Radian6 -Social Media Management</a>","nestleaunews",0,FALSE,FALSE,NA,NA
"131","Where Nestlé Guzzles Water, Locals Doubt Claims of Negligible Impact https://t.co/aw9teClXFl",FALSE,0,NA,2017-05-27 03:46:58,FALSE,NA,"868312548659134464",NA,"<a href=""http://www.facebook.com/twitter"" rel=""nofollow"">Facebook</a>","ParaBookFeast",0,FALSE,FALSE,NA,NA
"132","RT @TALLAWAHezine: Heartiest congrats to @Nestle Jamaica, recipients of the prestigious Lifetime Achievement Award at last night's J'ca Obs…",FALSE,0,NA,2017-05-27 03:43:22,FALSE,NA,"868311642806902784",NA,"<a href=""http://twitter.com/download/android"" rel=""nofollow"">Twitter for Android</a>","whatasinting",1,TRUE,FALSE,NA,NA
"133","Chocolate chip cookies from nestle toll house are bombb",FALSE,0,NA,2017-05-27 03:42:13,FALSE,NA,"868311352259076097",NA,"<a href=""http://twitter.com/download/iphone"" rel=""nofollow"">Twitter for iPhone</a>","Qveenn_Ruthh",0,FALSE,FALSE,NA,NA
"134","RT @foodandwater: As Michigan struggles to deliver the most basic resource to households, Nestle's request is not ok. https://t.co/ikVqnA6O…",FALSE,0,NA,2017-05-27 03:39:49,FALSE,NA,"868310749139132416",NA,"<a href=""http://twitter.com"" rel=""nofollow"">Twitter Web Client</a>","bparnell",11,TRUE,FALSE,NA,NA
"135","I liked a @YouTube video https://t.co/7IxNfqtbji Nestlé: 150 Years of Food Industry Dominance",FALSE,0,NA,2017-05-27 03:36:09,FALSE,NA,"868309824286666752",NA,"<a href=""http://www.google.com/"" rel=""nofollow"">Google</a>","PaulJohnMaloney",0,FALSE,FALSE,NA,NA
"136","Nestle @bearbrand 
P65.00 free <ed><U+00A0><U+00BD><ed><U+00B8><U+0083><ed><U+00A0><U+00BD><ed><U+00B8><U+0083>",FALSE,0,NA,2017-05-27 03:35:55,FALSE,NA,"868309765679714305",NA,"<a href=""http://www.facebook.com/twitter"" rel=""nofollow"">Facebook</a>","caspi28",0,FALSE,FALSE,NA,NA
"137","@kvpeckwriter I did all of Edys/Dreyers work from 88 until 2005 when Nestle Bought them out.  Global Corporation su… https://t.co/InrpcmMdIh",FALSE,0,"kvpeckwriter",2017-05-27 03:33:21,TRUE,"868303440879001601","868309122793578500","22453211","<a href=""http://twitter.com"" rel=""nofollow"">Twitter Web Client</a>","eagleson78",0,FALSE,FALSE,NA,NA
"138","@eagleson78 Nestle. Good or evil? 
I like this almost tasteless stuff called Arctic Zero. It's probably death by sp… https://t.co/Q385lTfmEu",FALSE,0,"eagleson78",2017-05-27 03:33:01,TRUE,"868308380875710464","868309038588624897","809532640122564608","<a href=""http://twitter.com"" rel=""nofollow"">Twitter Web Client</a>","kvpeckwriter",0,FALSE,FALSE,NA,NA
"139","@kvpeckwriter LOL   One of those shows is a plant I did. Nestle in Bakersfield CA  Dibbs",FALSE,0,"kvpeckwriter",2017-05-27 03:30:25,FALSE,"868303440879001601","868308380875710464","22453211","<a href=""http://twitter.com"" rel=""nofollow"">Twitter Web Client</a>","eagleson78",0,FALSE,FALSE,NA,NA
"140","RT @Slugasi: Nestle, one of the most evil companies in the world! Besides your local Council that is! https://t.co/mM5P6wPd34",FALSE,0,NA,2017-05-27 03:30:06,FALSE,NA,"868308304057040896",NA,"<a href=""https://mobile.twitter.com"" rel=""nofollow"">Twitter Lite</a>","tony_thetruth",1,TRUE,FALSE,NA,NA
"141","Where Nestlé Guzzles Water, Michigan Neighbors Take Exception https://t.co/0TyUzZdC7h",FALSE,0,NA,2017-05-27 03:28:42,FALSE,NA,"868307949323657216",NA,"<a href=""http://twitter.com/#!/download/ipad"" rel=""nofollow"">Twitter for iPad</a>","pennyblake",0,FALSE,FALSE,NA,NA
"142","RT @ANTITRUMPMVMT: @FoxNews @trish_regan @POTUS #BoycottFox:

• On the Border Mexican Grill &amp; Cantina
• OnStar
• OneTouch
• One-a-Day
• Off…",FALSE,0,NA,2017-05-27 03:20:11,FALSE,NA,"868305806260748288",NA,"<a href=""http://twitter.com/download/iphone"" rel=""nofollow"">Twitter for iPhone</a>","valentineomine",12,TRUE,FALSE,NA,NA
"143","Confectionery Snack Mixes - Nestle's Snack Mix Packs are Inspired by Its Chocolate Candy Brands…… https://t.co/SLEKDookJW",FALSE,0,NA,2017-05-27 03:18:05,TRUE,NA,"868305279632392192",NA,"<a href=""https://dlvrit.com/"" rel=""nofollow"">dlvr.it</a>","18dMedia",0,FALSE,FALSE,NA,NA
"144","RT https://t.co/qakx9gbRJZ Nestlé Waters Invests $6M to Close the '#Recycling Gap' - #Environmental Leader #envir… https://t.co/4FnMJ6lsEx",FALSE,1,NA,2017-05-27 03:10:09,FALSE,NA,"868303282942431232",NA,"<a href=""https://ifttt.com"" rel=""nofollow"">IFTTT</a>","Industrialrecyc",0,FALSE,FALSE,NA,NA
"145","@NickLeidl Nestle's facial expressions are so on point",FALSE,0,"NickLeidl",2017-05-27 03:09:47,FALSE,"868205194303164417","868303192290885632","220912853","<a href=""http://twitter.com/download/iphone"" rel=""nofollow"">Twitter for iPhone</a>","fellykish",0,FALSE,FALSE,NA,NA
"146","with the Nestle ppl",FALSE,0,NA,2017-05-27 03:08:45,FALSE,NA,"868302930985631744",NA,"<a href=""http://twitter.com/download/android"" rel=""nofollow"">Twitter for Android</a>","egeeyaa",0,FALSE,FALSE,NA,NA
"147","Can you recommend anyone for this #job in #Phoenix, AZ? https://t.co/14YdrH1swS #Manufacturing #Hiring #CareerArc",FALSE,0,NA,2017-05-27 03:06:32,FALSE,NA,"868302372602224640",NA,"<a href=""http://www.tweetmyjobs.com"" rel=""nofollow"">TweetMyJOBS</a>","NWNAjobs",0,FALSE,FALSE,NA,NA
"148","Turn up the heat. Enter now and you can win a game console or 3D printer and 1 of 100s of smokin hot instant prizes https://t.co/TEYGP3juab",FALSE,1,NA,2017-05-27 03:04:59,FALSE,NA,"868301982217322496",NA,"<a href=""http://twitter.com"" rel=""nofollow"">Twitter Web Client</a>","destinysstars",0,FALSE,FALSE,NA,NA
"149",".@Nestle uses insight from external social activity to foster an internal culture of  #innovation https://t.co/UlTDRsWgXy via @Econsultancy",FALSE,0,NA,2017-05-27 03:00:07,FALSE,NA,"868300757208059904",NA,"<a href=""http://www.hootsuite.com"" rel=""nofollow"">Hootsuite</a>","startgridco",0,FALSE,FALSE,NA,NA
"150","We awarded @Agrohub our #CSV prize to support #sustainable cassava in Africa: https://t.co/VoULc970Lq #GoodLife… https://t.co/PQnnI9Ws3h",FALSE,2,NA,2017-05-27 02:55:05,TRUE,NA,"868299490696056832",NA,"<a href=""http://www.radian6.com"" rel=""nofollow"">Radian6 -Social Media Management</a>","nestleaunews",0,FALSE,FALSE,NA,NA
"151","Can you recommend anyone for this #job? Forklift Operator - https://t.co/Zc3NtS2R3u #SupplyChain #Tampa, FL #Hiring #CareerArc",FALSE,0,NA,2017-05-27 02:53:52,FALSE,NA,"868299183089827840",NA,"<a href=""http://www.tweetmyjobs.com"" rel=""nofollow"">TweetMyJOBS</a>","NWNAjobs",0,FALSE,FALSE,NA,NA
"152","Turn up the heat. Enter now and you can win a game console or 3D printer and 1 of 100s of smokin hot instant prizes https://t.co/mHBTI8gZY9",FALSE,0,NA,2017-05-27 02:53:03,FALSE,NA,"868298978760241155",NA,"<a href=""http://twitter.com"" rel=""nofollow"">Twitter Web Client</a>","BDub7473",0,FALSE,FALSE,NA,NA
"153","Turn up the heat. Enter now and you can win a game console or 3D printer and 1 of 100s of smokin hot instant prizes https://t.co/0zpESGdJtv",FALSE,0,NA,2017-05-27 02:47:17,FALSE,NA,"868297526247649280",NA,"<a href=""http://twitter.com"" rel=""nofollow"">Twitter Web Client</a>","LDPRaiser",0,FALSE,FALSE,NA,NA
"154","Milkybars get milkier: Nestle changes recipe of chocolate bars https://t.co/hwc7sjRGLz via @telegraphnews",FALSE,0,NA,2017-05-27 02:46:10,FALSE,NA,"868297245195743232",NA,"<a href=""http://twitter.com"" rel=""nofollow"">Twitter Web Client</a>","rajeevkallurma",0,FALSE,FALSE,NA,NA
"155","Beat the summer heat with Nescafe French Vanilla <ed><U+00A0><U+00BD><ed><U+00B8><U+0089> 
#icecoldtreat#nescafe  #nestle… https://t.co/Y0If9U2Uc5",FALSE,0,NA,2017-05-27 02:45:31,FALSE,NA,"868297082989420545",NA,"<a href=""http://instagram.com"" rel=""nofollow"">Instagram</a>","annalizabolo12",0,FALSE,FALSE,"125.544","8.94917"
"156","Boston Private Wealth LLC Sells 3,052 Shares of Nestle SA $NSRGY https://t.co/bTSNE66Ywp",FALSE,0,NA,2017-05-27 02:44:17,FALSE,NA,"868296771197448192",NA,"<a href=""https://zapier.com/"" rel=""nofollow"">Zapier.com</a>","dakotafinancial",0,FALSE,FALSE,NA,NA
"157","Boston Private Wealth LLC Sells 3,052 Shares of Nestle SA $NSRGY https://t.co/I2B1a5zmf8",FALSE,0,NA,2017-05-27 02:44:16,FALSE,NA,"868296768873746432",NA,"<a href=""https://zapier.com/"" rel=""nofollow"">Zapier.com</a>","ConsumerFeed",0,FALSE,FALSE,NA,NA
"158","Turn up the heat. Enter now and you can win a game console or 3D printer and 1 of 100s of smokin hot instant prizes https://t.co/J2CpLy7HDs",FALSE,1,NA,2017-05-27 02:41:33,FALSE,NA,"868296083423858688",NA,"<a href=""http://twitter.com"" rel=""nofollow"">Twitter Web Client</a>","bearypaw6",0,FALSE,FALSE,NA,NA
"159","Nestle SA $NSRGY Shares Bought by Polen Capital Management LLC https://t.co/ws0MlrDWu4 #stocks",FALSE,0,NA,2017-05-27 02:40:19,FALSE,NA,"868295772919541760",NA,"<a href=""https://ifttt.com"" rel=""nofollow"">IFTTT</a>","thelegacynewswi",0,FALSE,FALSE,NA,NA
"160","These are small Arabic tea cups from Nestle Arabia Coffee @ Flamingo… https://t.co/lSIWLIGOc9",FALSE,0,NA,2017-05-27 02:39:28,FALSE,NA,"868295559152418816",NA,"<a href=""http://instagram.com"" rel=""nofollow"">Instagram</a>","omerniaz",0,FALSE,FALSE,"39.20325966","21.5521023"
"161","Nestle SA $NSRGY Shares Bought by Polen Capital Management LLC https://t.co/sFxFYFajWy",FALSE,0,NA,2017-05-27 02:37:47,FALSE,NA,"868295135955746816",NA,"<a href=""https://ifttt.com"" rel=""nofollow"">IFTTT</a>","TickerReport",0,FALSE,FALSE,NA,NA
"162","Nestle SA $NSRGY Shares Bought by Polen Capital Management LLC https://t.co/iQf3rtfCQo",FALSE,0,NA,2017-05-27 02:36:12,FALSE,NA,"868294739908595712",NA,"<a href=""https://zapier.com/"" rel=""nofollow"">Zapier.com</a>","emq_news",0,FALSE,FALSE,NA,NA
"163","Nestle SA $NSRGY Shares Bought by Polen Capital Management LLC https://t.co/aEZhj8iD7x",FALSE,0,NA,2017-05-27 02:36:12,FALSE,NA,"868294737740128257",NA,"<a href=""https://zapier.com/"" rel=""nofollow"">Zapier.com</a>","TickerReport",0,FALSE,FALSE,NA,NA
"164","FDHS SB call out meeting. Anyone interested meet @ nestle toll house cafe 867 S Broadway suite 110. 6pm on May... https://t.co/XPuXpqCDJo",FALSE,0,NA,2017-05-27 02:34:52,FALSE,NA,"868294402426404866",NA,"<a href=""http://www.facebook.com/twitter"" rel=""nofollow"">Facebook</a>","jgregdavis",0,FALSE,FALSE,NA,NA
"165","@strawburrygurl i thought you have always been about that? Like I picture you next to cristina on the Nestle water ad and everything",FALSE,0,"strawburrygurl",2017-05-27 02:29:32,FALSE,"868268866979348480","868293062803341313","256318264","<a href=""http://twitter.com"" rel=""nofollow"">Twitter Web Client</a>","AboreoB",0,FALSE,FALSE,NA,NA
"166","RT @RandyKrotz: Listening to @mariclefarm of @CommonGroundNow and @PigFarmerOfYear of @USFRA at Sustainable Brands conference in Nestle boo…",FALSE,0,NA,2017-05-27 02:27:28,FALSE,NA,"868292540046479360",NA,"<a href=""http://twitter.com/download/iphone"" rel=""nofollow"">Twitter for iPhone</a>","KrayolaSky",3,TRUE,FALSE,NA,NA
"167","Nestlé Waters invests $6m in ‘closing the US recycling gap’ https://t.co/KUiBWAePyw https://t.co/nlXtupPCQQ",FALSE,0,NA,2017-05-27 02:25:02,FALSE,NA,"868291928428883969",NA,"<a href=""http://bufferapp.com"" rel=""nofollow"">Buffer</a>","EveTurowPaul",0,FALSE,FALSE,NA,NA
"168","@clark_hadden @CBCToronto @CBCAlerts Nestle has money to bribe politicians.",FALSE,0,"clark_hadden",2017-05-27 02:22:21,FALSE,"868231488726282240","868291252365778944","4291714157","<a href=""http://twitter.com/download/android"" rel=""nofollow"">Twitter for Android</a>","Zakimar2",0,FALSE,FALSE,NA,NA
"169","@DarkenedAngel12 -- more please. -closes back my eyes and nestle into his arms-",FALSE,0,"DarkenedAngel12",2017-05-27 02:20:21,FALSE,"868282358872625152","868290751003807744","2158094742","<a href=""http://twitter.com/download/android"" rel=""nofollow"">Twitter for Android</a>","Ser3n3_DH",0,FALSE,FALSE,NA,NA
"170","#Nestle Slammed For #Siphoning #Drought #Water And #Selling It #ForProfit https://t.co/hHMjh6rR77 Nestle is #Guilty of #CrimesAgainstNature",FALSE,0,NA,2017-05-27 02:16:21,FALSE,NA,"868289743129387011",NA,"<a href=""http://twitter.com"" rel=""nofollow"">Twitter Web Client</a>","lamentefugitiva",0,FALSE,FALSE,NA,NA
"171","RT @JosekFrenchie: @carterjwm I love nuggets too, but prefer dog food! How many #RT for that? @barkbox @MarsGlobal @McDonalds @Wendys @cart…",FALSE,0,NA,2017-05-27 02:10:55,FALSE,NA,"868288377170350080",NA,"<a href=""http://twitter.com/download/android"" rel=""nofollow"">Twitter for Android</a>","litros99freire",13,TRUE,FALSE,NA,NA
"172","**NEW Printable Coupon** $1.00/2 NESTLÉ COFFEE-MATE Coffee Creamers 

Go Here --&gt;&gt;   https://t.co/DcE5PLV7jx https://t.co/fvn77PbsVK",FALSE,0,NA,2017-05-27 02:10:50,FALSE,NA,"868288355494092801",NA,"<a href=""http://www.facebook.com/twitter"" rel=""nofollow"">Facebook</a>","HTSFF",0,FALSE,FALSE,NA,NA
"173","We're inviting you all to a demo with Nestle Philippines this May 30, 2017 from 11 AM to 2 PM at Chefs &amp; Bakers... https://t.co/E2Eu9EmdJX",FALSE,0,NA,2017-05-27 02:10:30,FALSE,NA,"868288269607247872",NA,"<a href=""http://www.facebook.com/twitter"" rel=""nofollow"">Facebook</a>","chefsandbakers",0,FALSE,FALSE,NA,NA
"174","Nestle slash sugar in Milkybars https://t.co/TAcLIXfJeu #milkybar",FALSE,0,NA,2017-05-27 02:09:50,FALSE,NA,"868288101717860352",NA,"<a href=""http://twitter.com"" rel=""nofollow"">Twitter Web Client</a>","eshinod",0,FALSE,FALSE,NA,NA
"175","We're #hiring! Read about our latest #job opening here: Senior Lifecycle Manager - https://t.co/yQfrn2XZlU #Stamford, CT #CareerArc",FALSE,0,NA,2017-05-27 02:06:25,FALSE,NA,"868287242367770624",NA,"<a href=""http://www.tweetmyjobs.com"" rel=""nofollow"">TweetMyJOBS</a>","NWNAjobs",0,FALSE,FALSE,NA,NA
"176","RT @CleanWaterforNC: Did you know that the energy we waste bottling water would be enough to power 190,000 homes? https://t.co/VBRoyEfIso #…",FALSE,0,NA,2017-05-27 02:06:01,FALSE,NA,"868287141448699905",NA,"<a href=""http://twitter.com"" rel=""nofollow"">Twitter Web Client</a>","nutgraham",1,TRUE,FALSE,NA,NA
"177","Having some #fangyfriday fun in the paper fort. Also missing her grandotherfurmama (Mimi) who… https://t.co/1pV828m2ET",FALSE,0,NA,2017-05-27 02:04:46,FALSE,NA,"868286827677011968",NA,"<a href=""http://instagram.com"" rel=""nofollow"">Instagram</a>","nestle_boots",0,FALSE,FALSE,NA,NA
"178","Turn up the heat. Enter now and you can win a game console or 3D printer and 1 of 100s of smokin hot instant prizes https://t.co/tnoCmp4BCB",FALSE,0,NA,2017-05-27 02:01:56,FALSE,NA,"868286116763320320",NA,"<a href=""http://twitter.com/download/iphone"" rel=""nofollow"">Twitter for iPhone</a>","vickieleitch23",0,FALSE,FALSE,NA,NA
"179","Turn up the heat. Enter now and you can win a game console or 3D printer and 1 of 100s of smokin hot instant prizes https://t.co/Tn9fgn1odh",FALSE,0,NA,2017-05-27 02:01:05,FALSE,NA,"868285901901893633",NA,"<a href=""http://twitter.com"" rel=""nofollow"">Twitter Web Client</a>","TraceyPullum",0,FALSE,FALSE,NA,NA
"180","RT @FarmFutures: Nestle said late last year it had found a way to reduce #sugar in chocolate as much as 40% https://t.co/uUTAcDmQhy https:/…",FALSE,0,NA,2017-05-27 02:00:34,FALSE,NA,"868285771345784832",NA,"<a href=""https://mobile.twitter.com"" rel=""nofollow"">Mobile Web (M2)</a>","shotem1",11,TRUE,FALSE,NA,NA
"181","Motley Fool Wealth Management LLC Raises Position in Nestle SA $NSRGY https://t.co/gs8RVcq0pl",FALSE,0,NA,2017-05-27 01:58:02,FALSE,NA,"868285135149572096",NA,"<a href=""https://zapier.com/"" rel=""nofollow"">Zapier.com</a>","WatchlistN",0,FALSE,FALSE,NA,NA
"182","Motley Fool Wealth Management LLC Raises Position in Nestle SA $NSRGY https://t.co/K9tWd79hQD",FALSE,0,NA,2017-05-27 01:56:51,FALSE,NA,"868284835768541184",NA,"<a href=""https://zapier.com/"" rel=""nofollow"">Zapier.com</a>","TheMarketsDaily",0,FALSE,FALSE,NA,NA
"183","RT @nestlewatERB: Enjoying Nestlé by the water this morning http://t.co/nOQbslfs7t",FALSE,0,NA,2017-05-27 01:56:38,FALSE,NA,"868284781158682626",NA,"<a href=""http://twitter.com"" rel=""nofollow"">Twitter Web Client</a>","JacksonFlowers8",1,TRUE,FALSE,NA,NA
"184","RT @BigMouthFilter: Thousands sign petitions against @Nestle bottled water plant in #Phoenix #BanTheBottle https://t.co/MHs043umrG",FALSE,0,NA,2017-05-27 01:55:59,FALSE,NA,"868284617098440705",NA,"<a href=""http://twitter.com"" rel=""nofollow"">Twitter Web Client</a>","ehkeane1",23,TRUE,FALSE,NA,NA
"185","Our 2030 ambition: Help 50 million children lead healthier lives to drive the #GlobalGoals: https://t.co/H55yUn5chv… https://t.co/5ICHJcVbwF",FALSE,0,NA,2017-05-27 01:55:07,TRUE,NA,"868284399212789760",NA,"<a href=""http://www.radian6.com"" rel=""nofollow"">Radian6 -Social Media Management</a>","nestleaunews",0,FALSE,FALSE,NA,NA
"186","Interested in a #job in #Stanwood, MI? This could be a great fit: https://t.co/LxjAEtFo6V #SupplyChain #Hiring #CareerArc",FALSE,0,NA,2017-05-27 01:51:06,FALSE,NA,"868283388502736896",NA,"<a href=""http://www.tweetmyjobs.com"" rel=""nofollow"">TweetMyJOBS</a>","NWNAjobs",0,FALSE,FALSE,NA,NA
"187","@ryenarussillo Did you nestle @dannykanell in ypur bosom lke that when he was fired by espn?",FALSE,0,"ryenarussillo",2017-05-27 01:48:31,FALSE,"868274187156287489","868282739878920192","40390377","<a href=""http://twitter.com/download/android"" rel=""nofollow"">Twitter for Android</a>","JayBayer6",0,FALSE,FALSE,NA,NA
"188","One Of CALIFORNIA’s BIGGEST EMPLOYERS Tells The State ENOUGH, ANNOUNCES PLANS TO … https://t.co/4Q8rHaLAB8",FALSE,0,NA,2017-05-27 01:48:11,FALSE,NA,"868282655133052928",NA,"<a href=""http://www.facebook.com/twitter"" rel=""nofollow"">Facebook</a>","geneomckinney",0,FALSE,FALSE,NA,NA
"189","Nestle Sparkling Water $0.50 + Optimum Points! https://t.co/h3ZK6MIGkC https://t.co/185xUmdrRL",FALSE,0,NA,2017-05-27 01:46:46,FALSE,NA,"868282297501577216",NA,"<a href=""http://publicize.wp.com/"" rel=""nofollow"">WordPress.com</a>","Canadiansaves",0,FALSE,FALSE,NA,NA
"190","RT @garytaubes: Making progress, one company at a time. Nestle cuts back on sugar, says the WSJ. https://t.co/0VvXT1sMFM",FALSE,0,NA,2017-05-27 01:46:30,FALSE,NA,"868282229365112833",NA,"<a href=""http://twitter.com/download/iphone"" rel=""nofollow"">Twitter for iPhone</a>","janet_langkop",36,TRUE,FALSE,NA,NA
"191","After a truly terrible week it's so good to nestle back into the @totaluprawr nest. Fucking great people and music before @SlamDunkMusic",FALSE,0,NA,2017-05-27 01:43:07,FALSE,NA,"868281381100584961",NA,"<a href=""http://twitter.com/download/iphone"" rel=""nofollow"">Twitter for iPhone</a>","JamieKinman1",0,FALSE,FALSE,NA,NA
"192","Nestlé Waters Invests $6M to Close the '#Recycling Gap' - #Environmental Leader #environment #CutlivateScienceArt… https://t.co/2l6nCuogW9",FALSE,0,NA,2017-05-27 01:40:03,TRUE,NA,"868280610124701696",NA,"<a href=""http://www.crowdfireapp.com"" rel=""nofollow"">Crowdfire - Go Big</a>","CultivateSc",0,FALSE,FALSE,NA,NA
"193","RT @EllaTuker: Nestle slash sugar in Milkybars
       
https://t.co/0zGmyNmHqT",FALSE,0,NA,2017-05-27 01:38:49,FALSE,NA,"868280298793951241",NA,"<a href=""https://www.getcontentkitchen.com"" rel=""nofollow"">Content Kitchen Twitter Search</a>","ThriveContent",1,TRUE,FALSE,NA,NA
"194","Nestle slash sugar in Milkybars
       
https://t.co/0zGmyNmHqT",FALSE,0,NA,2017-05-27 01:37:29,FALSE,NA,"868279964088619009",NA,"<a href=""https://ifttt.com"" rel=""nofollow"">IFTTT</a>","EllaTuker",1,FALSE,FALSE,NA,NA
"195","RT @jennyloda: Where Nestlé Guzzles Water, Michigan Neighbors Take Exception https://t.co/s3D7MtEBPE",FALSE,0,NA,2017-05-27 01:37:10,FALSE,NA,"868279881624281090",NA,"<a href=""http://twitter.com"" rel=""nofollow"">Twitter Web Client</a>","WhatMollySaid",1,TRUE,FALSE,NA,NA
"196","@Cloud10LV Literally all I buy for home. Dasani is my preference but Nestle is nicer on my pockets because I run through water like crazy.",FALSE,0,"Cloud10LV",2017-05-27 01:34:09,FALSE,"868278198156611585","868279125211009025","22529401","<a href=""https://about.twitter.com/products/tweetdeck"" rel=""nofollow"">TweetDeck</a>","JustKendra_",0,FALSE,FALSE,NA,NA
"197","But that nasty ass metallic, rusty after taste in Nestle. NO MAM",FALSE,0,NA,2017-05-27 01:31:42,FALSE,NA,"868278506731524098",NA,"<a href=""http://twitter.com/download/iphone"" rel=""nofollow"">Twitter for iPhone</a>","Cloud10LV",0,FALSE,FALSE,NA,NA
"198","@JustKendra_ You like Nestle? Gotta rethink this biy shipment of Poo Oil. ISSA BLOCK ON THE HORIZON",FALSE,0,"JustKendra_",2017-05-27 01:30:28,FALSE,"868277418347421696","868278198156611585","110640937","<a href=""http://twitter.com/download/iphone"" rel=""nofollow"">Twitter for iPhone</a>","Cloud10LV",0,FALSE,FALSE,NA,NA
"199","Nestle slash sugar in Milkybars
       
https://t.co/ZeVpPDnOlk",FALSE,0,NA,2017-05-27 01:29:11,FALSE,NA,"868277874406694912",NA,"<a href=""https://ifttt.com"" rel=""nofollow"">IFTTT</a>","SoleneDeplanche",0,FALSE,FALSE,NA,NA
"200","Boston Private Wealth LLC Sells 3,052 Shares of Nestle SA $NSRGY https://t.co/zC3GErA6Pg",FALSE,0,NA,2017-05-27 01:28:09,FALSE,NA,"868277614401683456",NA,"<a href=""https://zapier.com/"" rel=""nofollow"">Zapier.com</a>","midetimes",0,FALSE,FALSE,NA,NA
